{
  "$schema": "../../../node_modules/@microsoft/sp-module-interfaces/lib/manifestSchemas/jsonSchemas/clientSideComponentManifestSchema.json",

  "id": "4b1150be-30a9-42a7-9bd4-55d50bbd9473",
  "componentType": "WebPart",
  "version": "0.0.1",
  "manifestVersion": 2,

  "preconfiguredEntries": [{
    "groupId": "4b1150be-30a9-42a7-9bd4-55d50bbd9473",
    "group": { "default": "Default" },
    "title": { "default": "Photopile" },
    "description": { "default": "PhotopileWebPart description" },
    "officeFabricIconFontName": "PhotoCollection",
    "properties": {
      "listName": "",
      "orderBy": "ID",
      "orderByAsc": "asc",
      "count": 100,
      "numLayers": 5,
      "thumbOverlap": 50,
      "thumbRotation": 45,
      "thumbBorderWidth": 2,
      "thumbBorderColor": "white",
      "thumbBorderHover": "#EAEAEA",
      "draggable": true,
      "fadeDuration": 200,
      "pickupDuration": 500,
      "photoZIndex": 100,
      "photoBorder": 10,
      "photoBorderColor": "white",
      "showInfo": true,
      "autoplayGallery": false,
      "autoplaySpeed": 5000
    }
  }]
}
